grupo,modelo,titulo,link
12,1205,Convênio Empresas Atualizado,https://docs.google.com/spreadsheets/d/1s6sQCYvhdnzszquke_nWa-vsI-5ygZcK/edit?usp=drive_link&ouid=110841182330939065822&rtpof=true&sd=true
12,1201,Pendentes com Estágio Obrigatório Atualizado,https://docs.google.com/spreadsheets/d/1z7w8EqC-GUW2pKOYleRnkllsgNw4W05u/edit?usp=drive_link&ouid=110841182330939065822&rtpof=true&sd=true
15,1501,Termo de Compromisso de Estagio e Plano de Estagio,https://docs.google.com/document/d/1uuMZH_wkjxFEn6LN6K1buNQnjHweBBo0/edit?usp=drive_link&ouid=110841182330939065822&rtpof=true&sd=true
15,1502,Termo de Convênio Empresa,https://docs.google.com/document/d/1xay9AEVA-uzqLhXRWo7FcuyxPLwx5nFU/edit?usp=drive_link&ouid=110841182330939065822&rtpof=true&sd=true
15,1507,Requerimento dispensa Estágio,https://docs.google.com/document/d/1zo95nUgNc-10iCqD9L968-e2bwwLKdod/edit?usp=drive_link&ouid=110841182330939065822&rtpof=true&sd=true
15,1508,Carta apresentação estágio curricular obrigatório,https://docs.google.com/document/d/1Jsac0nW4uPuWFFTSjGWbHWW_bXmx_TZt/edit?usp=drive_link&ouid=110841182330939065822&rtpof=true&sd=true
15,1515,Ficha Acompanhamento Estágio Obrigatório,https://docs.google.com/document/d/1JPuv4MgkMOI9aLZY0bPP6lqUu1wUOKEQ/edit?usp=drive_link&ouid=110841182330939065822&rtpof=true&sd=true
15,1516,Folha Ponto dos Estagiários,https://docs.google.com/document/d/1Ryo4emBb_CLXUxsOE3CLTcU2w3p6eQbg/edit?usp=drive_link&ouid=110841182330939065822&rtpof=true&sd=true
15,1520,Avaliação Estagio Obrigatorio,https://docs.google.com/document/d/1Sc1ecZcegiUykWSFJ7oLR22nyXzXhM1M/edit?usp=drive_link&ouid=110841182330939065822&rtpof=true&sd=true
15,1521,Declaracao estagio no cedup,https://docs.google.com/document/d/1t_4FYLVWkd3MZ_5JEZqsgLJlWsfzdzHF/edit?usp=drive_link&ouid=110841182330939065822&rtpof=true&sd=true
15,1522,Declaração de Estágio,https://docs.google.com/document/d/1LhlcWOglzllWninxX6itCdS7Z4msUWvZ/edit?usp=drive_link&ouid=110841182330939065822&rtpof=true&sd=true
15,1523,Termo de Avaliação do Relatório,https://docs.google.com/document/d/1RgcTBGfCOa86-dpzyiAzu1V6Tn-NO5Cq/edit?usp=drive_link&ouid=110841182330939065822&rtpof=true&sd=true
15,1525,Modelo de Relatório,https://docs.google.com/document/d/1EGkiY-ySCPeNcKn_ZvcQ7iboZV6kNCwt/edit?usp=drive_link&ouid=110841182330939065822&rtpof=true&sd=true
15,1530,Declaração de Diploma em Tramitação,https://docs.google.com/document/d/1S6SPVFu_uAZfFJguekNCkWaL2VI82qkX/edit?usp=drive_link&ouid=110841182330939065822&rtpof=true&sd=true